#,title,artists,album
1,Everything Is Alright,Motion City Soundtrack,Commit This To Memory
2,nuts (feat. rainy bear),"Lil Peep, rainy bear",nuts (feat. rainy bear)
3,About A Girl - Live,Nirvana,MTV Unplugged In New York
4,THE WORLD IS ENDING,Lil Darkie,THE WORLD IS ENDING
5,white tee,"Lil Peep, Lil Tracy",crybaby
6,beamer boy,"Lil Peep, Nedarb",beamer boy
7,your favorite dress,"Lil Peep, Lil Tracy",CASTLES II
8,angeldust,Lil Peep,LIVE FOREVER
9,haunt u,Lil Peep,LIVE FOREVER
10,live forever,Lil Peep,LIVE FOREVER
11,Sex with My Ex,Lil Peep,"Come Over When You're Sober, Pt. 2"
12,Violent,carolesdaughter,Violent
13,Y2Mate.is - ☆lil peep☆  the way i see things (lyrics) ♡-_0aZpphRDbk-160k-1657521867579,,
14,Ohio Is for Lovers,Hawthorne Heights,The Silence In Black and White - Re-Issue
15,Guillotine,Pi’erre Bourne,The Life Of Pi'erre 4
16,Sossboy,Pi’erre Bourne,The Life Of Pi'erre 4 (Deluxe)
17,Ordinary World,Duran Duran,Duran Duran
18,Y2Mate.is - guardin - fake (prod. by canis major)-hgLryZHnh-w-160k-1654285075557,,
19,Iris,The Goo Goo Dolls,Dizzy up the Girl
20,You Don't Know How It Feels,Tom Petty,Wildflowers
21,Mary Jane's Last Dance,Tom Petty and the Heartbreakers,Greatest Hits
22,Silver Lining,Mt. Joy,Mt. Joy
23,Rock and Roll - Remaster,Led Zeppelin,Led Zeppelin IV (Deluxe Edition)
24,Emergency Contact,Pierce The Veil,Emergency Contact
25,Time of Dying,Three Days Grace,One-X
26,Money Trees,"Kendrick Lamar, Jay Rock","good kid, m.A.A.d city"
27,For the First Time,Mac DeMarco,This Old Dog
28,come around,Lil Peep,Vertigo
29,Light Show,"Lil Peep, Meeting by Chance",Changes
30,Glassy,"Lil Peep, Meeting by Chance",Changes
31,This Feeling,"Lil Peep, Meeting by Chance",Changes
32,Change (In the House of Flies),Deftones,White Pony
33,Cherry Waves,Deftones,Saturday Night Wrist
34,Beachboy,McCafferty,Beachboy
35,Alligator Skin Boots,McCafferty,Beachboy
36,Trees,McCafferty,Forest Life
37,Be Nice To Me,The Front Bottoms,Rose
38,white wine,"Lil Peep, Lil Tracy",White Wine
39,witchblades,"Lil Peep, Lil Tracy",CASTLES II
40,we think too much,Lil Peep,HELLBOY
41,2008,Lil Peep,LIVE FOREVER
42,United In Grief,Kendrick Lamar,Mr. Morale & The Big Steppers
43,We Cry Together,"Kendrick Lamar, Taylour Paige",Mr. Morale & The Big Steppers
44,N95,Kendrick Lamar,Mr. Morale & The Big Steppers
45,untitled 08 | 09.06.2014.,Kendrick Lamar,untitled unmastered.
46,Heartless,Kanye West,808s & Heartbreak
47,Interlude: I'm Not Angry Anymore,Paramore,Paramore
48,Answer,"Tyler, The Creator",Wolf
49,*Equip Sunglasses*,Hot Mulligan,you'll be fine
50,Sherane a.k.a Master Splinter’s Daughter,Kendrick Lamar,"good kid, m.A.A.d city"
51,"Bitch, Don’t Kill My Vibe",Kendrick Lamar,"good kid, m.A.A.d city"
52,oui,Jeremih,Late Nights: The Album
53,Novacane,Frank Ocean,Novacane
54,Relax,Vacations,Vibes
55,YKWIM?,Yot Club,Bipolar
56,Face Down,The Red Jumpsuit Apparatus,Don't You Fake It
57,Pretend,alex_g_offline,1234
58,I Wait for You,alex_g_offline,1234
59,Break,alex_g_offline,1234
60,NEW MAGIC WAND,"Tyler, The Creator",IGOR
61,Lovers Rock,TV Girl,French Exit
62,You Get Me So High,The Neighbourhood,Hard To Imagine The Neighbourhood Ever Changing
63,Whatever Happens,Anxiety Attacks!,Whatever Happens
64,Carry On,XXXTENTACION,17
65,Dare I Say Love?,✦ pink cig ✦,Corpse in Grey
66,BOYSDONTCRY,doan,BOYSDONTCRY
67,Tears Over Beers,Modern Baseball,Sports
68,Re-Do,Modern Baseball,Sports
69,Your Graduation,Modern Baseball,You're Gonna Miss It All
70,The Grinch,Trippie Redd,A Love Letter To You 4
71,The Sink,"hey, nothing",The Sink
72,IFHY (feat. Pharrell),"Tyler, The Creator, Pharrell Williams",Wolf
73,Joel.,Perry Maysun,Joel.
74,Poe Mans Dreams (His Vice) (feat. GLC),"Kendrick Lamar, GLC",Section.80
75,Blow My High (Members Only),Kendrick Lamar,Section.80
76,A.D.H.D,Kendrick Lamar,Section.80
77,Chapter Six,Kendrick Lamar,Section.80
78,"Bitch, Don’t Kill My Vibe",Kendrick Lamar,"good kid, m.A.A.d city (Deluxe)"
79,Trees II,McCafferty,Clementine
80,Throat,McCafferty,Clementine
81,Twin Size Mattress,The Front Bottoms,Talon Of The Hawk
82,Lonely Eyes,The Front Bottoms,Ann
83,Melissa's,Perry Maysun,My Elegant Breaking Point
84,HUMBLE.,Kendrick Lamar,DAMN.
85,DUCKWORTH.,Kendrick Lamar,DAMN. COLLECTORS EDITION.
86,Out of Tune,The Backseat Lovers,Out of Tune
87,regrets,"Lil Peep, Lederrick, Horse Head",teen romance
88,teen romance,"Lil Peep, Lederrick",teen romance
89,suck my blood,"Lil Peep, Lederrick",teen romance
90,Can You Feel My Heart,Bring Me The Horizon,Sempiternal (Expanded Edition)
91,Overdrive,Post Malone,AUSTIN
92,Don't Understand,Post Malone,AUSTIN
93,Star Shopping,Lil Peep,Star Shopping
94,white tee,"Lil Peep, Lil Tracy",crybaby
95,Broken Smile (My All),Lil Peep,"Come Over When You're Sober, Pt. 2"
96,crybaby,Lil Peep,crybaby
97,hellboy,Lil Peep,HELLBOY
98,Hate Me,Lil Peep,"Come Over When You're Sober, Pt. 2"
99,Bastard,"Tyler, The Creator",12 Odd Future Songs
100,The Kill,Thirty Seconds To Mars,A Beautiful Lie
101,Circles,Post Malone,Hollywood's Bleeding
102,to the dust we shall return,Perry Maysun,Naked.
103,I'm Only Living When. .,"Perry Maysun, ZionKat",Reverie V
104,Showers In The Dark (crestfallen),Perry Maysun,Showers In The Dark (crestfallen)
105,Basket Case,Green Day,Dookie
106,Boulevard of Broken Dreams,Green Day,Boulevard of Broken Dreams
107,Throne,Bring Me The Horizon,That's The Spirit
108,Top 10 staTues tHat CriEd bloOd,Bring Me The Horizon,POST HUMAN: NeX GEn
109,Kool-Aid,Bring Me The Horizon,POST HUMAN: NeX GEn
110,A Match Into Water,Pierce The Veil,Collide With The Sky
111,King For A Day,"Pierce The Veil, Kellin Quinn",Collide With The Sky
112,Caraphernelia,Pierce The Veil,Selfish Machines
113,If You Can't Hang,Sleeping With Sirens,Let's Cheers To This
114,"If I'm James Dean, You're Audrey Hepburn",Sleeping With Sirens,With Ears To See And Eyes To Hear
115,Karma Police,Pierce The Veil,Karma Police
116,Fake It,Seether,Finding Beauty In Negative Spaces (Bonus Track Version)
117,henny in a paper bag.,Perry Maysun,Reverie
118,Manic,Wage War,Manic
119,"it only gets worse, i promise",EKKSTACY,NEGATIVE
120,let's pretend we're numb,XXXTENTACION,let's pretend we're numb
121,Floor 555,XXXTENTACION,?
122,I Should Be Home,Balu Brigada,I Should Be Home
123,Bathroom,Montell Fish,Her Love Still Haunts Me Like a Ghost
124,The Transition,Hawthorne Heights,The Silence In Black and White - Re-Issue
125,Ohio Is For Lovers,Hawthorne Heights,The Silence In Black And White (Re-Issue)
126,Featuring Mark Hoppus,Hot Mulligan,I Won’t Reach Out to You
127,"With Ears to See, and Eyes to Hear",Sleeping With Sirens,With Ears To See And Eyes To Hear
128,The Bomb Dot Com V2.0,Sleeping With Sirens,With Ears To See And Eyes To Hear
129,Just Pretend,Bad Omens,THE DEATH OF PEACE OF MIND
130,Spin,Taking Back Sunday,Louder Now (Deluxe Edition)
131,SORRY NOT SORRY,"Tyler, The Creator",CALL ME IF YOU GET LOST: The Estate Sale
132,Fall in Love with You.,Montell Fish,JAMIE
133,Bulls In The Bronx,Pierce The Veil,Collide With The Sky
134,Circles,Pierce The Veil,Misadventures
135,Would You Still Be There,Of Mice & Men,Restoring Force
136,Hey Jane,"Tyler, The Creator",CHROMAKOPIA
137,"Darling, I (feat. Teezo Touchdown)","Tyler, The Creator, Teezo Touchdown",CHROMAKOPIA
138,Thought I Was Dead (feat. ScHoolboy Q & Santigold),"Tyler, The Creator, ScHoolboy Q, Santigold",CHROMAKOPIA
139,BCKYRD,Hot Mulligan,you'll be fine
140,Who Dat Boy (feat. A$AP Rocky),"Tyler, The Creator, A$AP Rocky",Flower Boy
141,she will be missed,EKKSTACY,she will be missed
142,Hotel,Montell Fish,Her Love Still Haunts Me Like a Ghost
143,Every Night,Montell Fish,Her Love Still Haunts Me Like a Ghost
144,Too Sweet,Hozier,Unheard
145,"i crash, u crash","Lil Peep, Lil Tracy","i crash, u crash"
146,Babydoll,Dominic Fike,"Don't Forget About Me, Demos"
147,GLEAMING,YNG Martyr,GLEAMING
148,Sundress,A$AP Rocky,Sundress
149,TEETH (feat. Diggy Graves),"WesGhost, Diggy Graves","DON'T WORRY, I'LL BE FINE"
150,Maple Syrup,The Backseat Lovers,When We Were Friends
151,Kilby Girl,The Backseat Lovers,When We Were Friends
152,Santeria,Sublime,Sublime
153,Rusty (feat. Domo Genesis & Earl Sweatshirt),"Tyler, The Creator, Domo Genesis, Earl Sweatshirt",Wolf
154,Live Life In The Past,Perry Maysun,Reverie
155,Hell Above,Pierce The Veil,Collide With The Sky
156,Pass The Nirvana,Pierce The Veil,The Jaws Of Life
157,Death Of An Executioner,Pierce The Veil,The Jaws Of Life
158,YNG,YNG Martyr,YNG
159,Dark Red,Steve Lacy,Dark Red
160,Bad Habit,Steve Lacy,Gemini Rights
161,Props & Mayhem,Pierce The Veil,Collide With The Sky
162,Floral & Fading,Pierce The Veil,Misadventures
163,Remedy,Seether,Karma and Effect
164,I Smoked Away My Brain (I'm God x Demons Mashup) (feat. Imogen Heap & Clams Casino),"A$AP Rocky, Imogen Heap, Clams Casino",I Smoked Away My Brain (I'm God x Demons Mashup) (feat. Imogen Heap & Clams Casino)
165,See You Again (feat. Kali Uchis),"Tyler, The Creator, Kali Uchis",Flower Boy
166,I Love You So,The Walters,I Love You So
167,Trouble,Cage The Elephant,Tell Me I'm Pretty
168,Come a Little Closer,Cage The Elephant,Melophobia
169,that's how it goes,Asal,that's how it goes
170,Exscape,Montell Fish,Her Love Still Haunts Me Like a Ghost
171,Without u - rock demo,"Holywatr, juuku",Psalms
172,Scott Pilgrim vs. My GPA,Mom Jeans.,Best Buds
173,if u think i'm pretty,Artemas,if u think i'm pretty
174,Louie,Arcy Drive,The Pit
175,NIGHTS LIKE THIS,The Kid LAROI,THE FIRST TIME
176,cross my heart,Artemas,pretty
177,i love you regardless,Artemas,yustyna
178,dirty little secret,Artemas,dirty little secret
179,Where Is My Mind? - 2007 Remaster,Pixies,Surfer Rosa (2007 Remaster)
180,Plainclothes Man,Heatmiser,Mic City Sons
181,The Other Side Of Paradise,Glass Animals,How To Be A Human Being
182,The Man Who Sold The World - Live,Nirvana,MTV Unplugged In New York
183,In Bloom,Nirvana,Nevermind (Remastered)
184,Serve The Servants,Nirvana,In Utero
185,Borderline,Tame Impala,The Slow Rush
186,Something In The Way,Nirvana,Nevermind (Remastered)
187,Frances Farmer Will Have Her Revenge On Seattle,Nirvana,In Utero
188,All I Think About Now,Pixies,Head Carrier
189,The Plan,Built To Spill,Keep It like a Secret
190,Hold On Till May,"Pierce The Veil, Lindsey Stamey",Collide With The Sky
191,"Sometimes You're The Hammer, Sometimes You're The Nail",A Day To Remember,Common Courtesy
192,Rock Bottom,Modern Baseball,You're Gonna Miss It All
193,Apartment,Modern Baseball,You're Gonna Miss It All
194,Notes,Modern Baseball,You're Gonna Miss It All
195,Outlaw,McCafferty,Outlaw
196,Daddy-Longlegs,McCafferty,Thanks. Sorry. Sure.
197,A Trophy Fathers Trophy Son,Sleeping With Sirens,Let's Cheers To This
198,high school,Lil Peep,LIL PEEP; PART ONE
199,"Shaylee, Shanel",Hot Mulligan,Split
200,Plane Vs. Tank Vs. Submarine,Tigers Jaw,Tigers Jaw
201,Fly Move (The Whole Time),Hot Mulligan,Warmer Weather
202,"Hey Ken, Someone Methodically Mushed the Donuts (Re-recorded) ft. Tades Sanville","Free Throw, Hot Mulligan, Tades Sanville",Those Days Are Gone (10 Year Anniversary)
203,You Kill Me (In A Good Way),Sleeping With Sirens,With Ears To See And Eyes To Hear
204,Tyrants,Sleeping With Sirens,Complete Collapse
205,Complete Collapse,Sleeping With Sirens,Complete Collapse
206,Bloody Knuckles,Sleeping With Sirens,Complete Collapse
207,Apathetic,Sleeping With Sirens,Complete Collapse
208,Island in the Sun (feat. Cory Castro of Free Throw),"Hot Mulligan, Cory Castro, Free Throw",Island in the Sun
209,Lone Star,The Front Bottoms,Talon Of The Hawk
210,Flying Model Rockets,The Front Bottoms,Rose
211,Big Poe (feat. Sk8brd),"Tyler, The Creator, Pharrell Williams",DON'T TAP THE GLASS
212,Sugar On My Tongue,"Tyler, The Creator",DON'T TAP THE GLASS
213,Sucka Free,"Tyler, The Creator",DON'T TAP THE GLASS
214,SMUCKERS (feat. Lil Wayne & Kanye West),"Tyler, The Creator, Lil Wayne, Kanye West",Cherry Bomb
215,Jamie (Do you still love me?),"Ecchi.mp4, dj gummy bear",Jamie (Do you still love me?)
216,Habitat,Pinegrove,11:11
217,Angelina,Pinegrove,Everything So Far
218,Shining,Mac DeMarco,Guitar
219,Home,Mac DeMarco,Guitar
220,Rock And Roll,Mac DeMarco,Guitar
221,Cooking Up Something Good,Mac DeMarco,2
222,Old Friends,Pinegrove,Cardinal (Expanded Edition)
223,Then Again,Pinegrove,Cardinal (Expanded Edition)
224,Aphasia,Pinegrove,Cardinal (Expanded Edition)
225,Lipstick Covered Magnet,The Front Bottoms,Rose
226,August,flipturn,Citrona
227,Sad Disco,flipturn,Shadowglow
228,Paraphernalia,Select All,Eaves
229,Surreal,Flawed Mangoes,Anomaly III
230,japan,Yot Club,japan
231,u don't have to tell me,Artemas,eat me alive / u don't have to tell me
232,n/A,Bring Me The Horizon,POST HUMAN: NeX GEn
233,911 / Mr. Lonely (feat. Frank Ocean & Steve Lacy),"Tyler, The Creator, Frank Ocean, Steve Lacy",Flower Boy
234,Rings,Pinegrove,Skylight
235,Angelina,Pinegrove,Everything So Far
236,Need 2,Pinegrove,Everything So Far
237,Problems,Pinegrove,Everything So Far
238,Need 2 (slow pinegrove),Pinegrove,Need 2
239,Alaska,Pinegrove,11:11
240,Iodine,Pinegrove,11:11
241,Need,Pinegrove,Everything So Far
242,Over My Shoulder,Pinegrove,Everything So Far
243,Peeling off the Bark,Pinegrove,Everything So Far
244,Pallet Town,Free Throw,Those Days Are Gone
245,Dotted Line,Pinegrove,Marigold
246,No Drugs,Pinegrove,Marigold
247,I'd Rather Die Than Be Famous,Pierce The Veil,A Flair For The Dramatic
248,Chemical Kids and Mechanical Brides,Pierce The Veil,A Flair For The Dramatic
249,Yeah Boy and Doll Face,Pierce The Veil,A Flair For The Dramatic
250,Tangled In The Great Escape,"Pierce The Veil, Jason Butler",Collide With The Sky
251,She Sings in the Morning,Pierce The Veil,A Flair For The Dramatic
252,Glass Houses,Bad Omens,Bad Omens
253,Sensory Session,Jkyl & Hyde,Sensory Session
254,Expired In Goreville,Chiodos,All's Well That Ends Well
255,Expensive Conversations In Cheap Motels,Chiodos,Devil
256,Tie Her Down,Senses Fail,Let It Enfold You
257,All Nereids Beware,Chiodos,All's Well That Ends Well
258,So Far So Fake,Pierce The Veil,The Jaws Of Life
259,One Day Women Will All Become Monsters,Chiodos,All's Well That Ends Well
260,A Boy Brushed Red Living In Black And White,Underoath,They're Only Chasing Safety
261,"Dear Diary,",Bring Me The Horizon,POST HUMAN: SURVIVAL HORROR
262,Two Beers In,Free Throw,Those Days Are Gone
263,Currents Convulsive,Pierce The Veil,A Flair For The Dramatic
264,nobody's there,BLISSFOOL,nobody's there
265,free to dream,BLISSFOOL,free to dream
266,New Friends,Pinegrove,Everything So Far
267,Orange,Pinegrove,11:11
268,Respirate,Pinegrove,11:11
269,"Hey Ken, Someone Methodically Mushed the Donuts",Free Throw,Those Days Are Gone
270,The Corner's Dilemma,Free Throw,What's Past is Prologue
271,Endless,Pinegrove,Marigold
272,Aphasia (Demo),Pinegrove,Cardinal (Expanded Edition)
273,Self Esteem,The Offspring,Smash
274,Metamorphosis,Your Arms Are My Cocoon,Your Arms Are My Cocoon
275,Fast Times at Clairemont High,Pierce The Veil,Selfish Machines
276,Drella,Pierce The Veil,A Flair For The Dramatic
277,The First Punch,Pierce The Veil,Collide With The Sky
278,I'd Rather Die Than Be Famous,Pierce The Veil,A Flair For The Dramatic
279,Dead Messages,Hail The Sun,Elephantitis - EP
280,Misery Business,Paramore,Riot!
281,Mr. Highway's Thinking About The End,A Day To Remember,Homesick
282,Is It Progression If a Cannibal Uses a Fork?,Chiodos,Bone Palace Ballet: Grand Coda
283,Kick Me,Sleeping With Sirens,Madness (Deluxe Edition)
284,Better Off Dead,Sleeping With Sirens,Madness (Deluxe Edition)
285,Clush,Isles & Glaciers,The Hearts of Lonely People
286,Pierce The Veil,Before Today,A Celebration of an Ending
287,This Road (Falling Apart – Alan Wake 2),Poe,Alan Wake 2 (Original Soundtrack)
288,common_enemy,buffalo_farm,common_enemy
289,WHO GON HOLD YA BONES?,"Perry Maysun, ZionKat",Rats Pussy / WHO GON' HOLD YA BONES?
290,You Have This Power Over Me,People in the Daytime,We Can Give You Special Powers
291,HIGHJACK,"A$AP Rocky, Jessica Pratt",HIGHJACK
292,loose ends,Holywatr,loose ends
293,you've been a bad girl,Artemas,yustyna
294,Disasterology,Pierce The Veil,Selfish Machines
295,sTraNgeRs,Bring Me The Horizon,POST HUMAN: NeX GEn
296,So Far So Fake,Pierce The Veil,So Far So Fake
297,Bored To Death,Kids In America,Bored To Death
298,The Worst In Me,Bad Omens,Bad Omens
299,Fashion Killa,A$AP Rocky,LONG.LIVE.A$AP (Deluxe Version)
300,L$D,A$AP Rocky,AT.LONG.LAST.A$AP
301,LVL,A$AP Rocky,LONG.LIVE.A$AP (Deluxe Version)
302,Homecoming,Lil Uzi Vert,Eternal Atake
303,with u,2006WR,with u
304,"FISH N STEAK (WHAT IT IS) (feat. Tyler, The Creator & Jozzy)","A$AP Rocky, Tyler, The Creator, Jozzy",Don't Be Dumb
305,ORDER OF PROTECTION,A$AP Rocky,Don't Be Dumb
306,PUNK ROCKY,A$AP Rocky,Don't Be Dumb
307,STAY HERE 4 LIFE (feat. Brent Faiyaz),"A$AP Rocky, Brent Faiyaz",Don't Be Dumb
308,GRAVITY,"Brent Faiyaz, Dahi, Tyler, The Creator",WASTELAND
309,Far Away (feat. A$AP Rocky),"Yebba, A$AP Rocky",Dawn
310,Click Click Boom,Saliva,Every Six Seconds
311,Rings,Pinegrove,Skylight
312,I'm Low On Gas And You Need A Jacket,Pierce The Veil,Collide With The Sky
313,One Hundred Sleepless Nights,Pierce The Veil,Collide With The Sky
314,Today I Saw The Whole World,Pierce The Veil,Misadventures
315,White Keys,Dominic Fike,White Keys
316,Fine Again,Seether,Disclaimer
317,No Jesus Christ,Seether,Seether Workout Vol. 3
318,Paralyzer,Finger Eleven,Them Vs. You Vs. Me (Deluxe Edition)
319,Slow Chemical,Finger Eleven,Greatest Hits
320,Gasoline,Seether,Disclaimer
321,In My Room,Julia Wolf,PRESSURE
322,Sober to Death,Car Seat Headrest,Twin Fantasy
323,Snowbank Blues,The Backseat Lovers,Waiting to Spill
324,I Think You Were in My Profile Picture Once,Modern Baseball,Sports
325,The Less I Know The Better,Tame Impala,Currents
326,Dracula,Tame Impala,Deadbeat
327,War Pigs / Luke's Wall - 2012 - Remaster,Black Sabbath,Paranoid (Remaster)
328,Pool House,The Backseat Lovers,When We Were Friends
329,Freakin' Out On the Interstate,Briston Maroney,Freakin' Out On The Interstate (Acoustic Version [Live])
330,Way It Goes,Hippo Campus,Landmark
331,Daylily,Movements,Feel Something
332,The Night I Drove Alone,Citizen,Youth
333,Full Circle,Movements,Feel Something
334,How Do You Know It’s Not Armadillo Shells?,Hot Mulligan,Pilot
335,The Hammer Guy Is At It Again,Hot Mulligan,Opportunities
336,Saint Bernard,Lincoln,Saint Bernard
337,Reflex,"Fail Better, Heal Faster","Fail Better, Heal Faster"
338,Funny You Should Ask,The Front Bottoms,Talon Of The Hawk
339,Goggle,boycomma,Use me (in memory of)
340,"Smokes, Let's Go",Free Throw,What's Past is Prologue
341,Vermont,"Fail Better, Heal Faster","Fail Better, Heal Faster"
342,My Omelas,"Fail Better, Heal Faster","Fail Better, Heal Faster"
343,Human,"Fail Better, Heal Faster","Fail Better, Heal Faster"
344,Dumb,Nirvana,In Utero
345,The Beers,The Front Bottoms,The Front Bottoms
346,Pothole (feat. Jaden Smith),"Tyler, The Creator, Alexander Brettin, Jaden",Flower Boy
347,Cavity,Thoughts on Bowling,tripping over the foul line
348,Freakin’ Out,Dexter and The Moonrocks,Freakin’ Out
349,High,Kiss the Scientist,High
350,(Long Live) Tony Perkis!,The Flat Stanleys,Dancing to Dad Rock
351,Black Vans and Harsh Realities,"Fail Better, Heal Faster","Fail Better, Heal Faster"
352,Parking Lots,Told Slant,Still Water
353,Nostalgic Vacation (Good Times),The Fraternals,Nostalgic Vacation (Good Times)
354,Preaching to the choir,doan,Preaching to the choir
355,High Anxiety,The Suicide Machines,A Match & Some Gasoline
356,Infrunami,Steve Lacy,The Lo-Fis
357,There was an unexpected but welcome quiet.,Truman Reter,Source.
358,Be still and know.,Truman Reter,Source.
359,Do not look down.,Truman Reter,Source.
360,Kelly.,Truman Reter,Source.
361,Don't Let Me Down - Remastered 2009,The Beatles,The Beatles 1967 - 1970 (Remastered 2009)
362,No Excuses,Alice In Chains,Jar Of Flies
363,Driving Barefoot,Guy Music,Driving Barefoot
364,Great Ghosts,Mount Eerie,Dawn
365,Moon Sequel,Mount Eerie,Dawn
366,Please Don't Tell My Father That I Used His 1996 Honda Accord To Destroy The Town Of Willow Grove Pennsylvania in 2002,Pet Symmetry,Runway Looks: The Pet Symmetry Collection 2012 - 2020
367,A Detailed & Poetic Physical Threat To The Person Who Intentionally Vandalized My 1994 Dodge Intrepid Behind Kate's Apartment,Pet Symmetry,Runway Looks: The Pet Symmetry Collection 2012 - 2020
368,"dude, benson is gonna be so pissed!",Thoughts on Bowling,tripping over the foul line
369,The Spirit of Jack Daniels,Thoughts on Bowling,tripping over the foul line
370,Welcome to the Snack Chat,Thoughts on Bowling,Who U Callin Pinhead?
371,Broken Cash Machine,Modern Baseball,You're Gonna Miss It All
372,Death Cup,Mom Jeans.,Best Buds
373,Karma Police,Radiohead,OK Computer
374,Introvert,Title Fight,The Last Thing You Forget
375,Suffocate (feat. Poppy),"Knocked Loose, Poppy",You Won't Go Before You're Supposed To
376,All I Wanted,Paramore,Brand New Eyes
377,Shred Cruz,Mom Jeans.,Split
378,Constant Headache,Joyce Manor,S/T
379,Cinco De Mayo Shit Show,Marietta,Summer Death
380,tarot cards,saturdays at your place,always cloudy
381,Using,Sorority Noise,"Joy, Departed"
382,If It Makes You Happy,Michael Cera Palin,I Don't Know How to Explain It
383,Autumn I'll Be Moving On,Field Creek,"Quickly, Move On!"
384,Slacker,airbag,Slacker
385,Sara's Secret,Guy Music,Sara's Secret
386,That Family Guy Song,TRSH,That Family Guy Song
387,Arteries,"hey, nothing",Hound
388,Forget Me Not,Rehash,Forget Me Not
389,Coding These To Lukens,Modern Baseball,Holy Ghost
390,Just Another Face,Modern Baseball,Holy Ghost
391,Re-Done,Modern Baseball,Sports
392,My Exhausted Month (Of May),Pet Symmetry,Pets Hounds
393,Au Revoir (Adios),The Front Bottoms,Talon Of The Hawk
394,steadily getting better,doan,steadily getting better
395,i hate looking at myself,"Tommy Ragen, doan",i hate looking at myself
396,vivid daydreams,doan,the shed tape
